{"type": "block", "layer": 0, "block": 15, "features": [{"geom": {"lines": [[5920.522951603401, 1182.5832372261211, -1.7365500926971436, 5923.0721679423, 1211.3786200806499, -1.721721887588501]]}, "mtl": {"idx": 0}}, {"geom": {"lines": [[5785.659388507251, 1197.9536022990942, -1.1532065868377686, 5789.700286023319, 1226.749041782692, -1.1306140422821045]]}, "mtl": {"idx": 0}}, {"geom": {"lines": [[8125.795460064895, -3261.882211215794, 12.109861373901367, 8149.784810330719, -3279.9965736595914, 12.168133735656738, 8169.076478085481, -3286.3876033173874, 12.235381126403809]]}, "mtl": {"idx": 0}}, {"geom": {"lines": [[680.9260269962251, -4366.415820156224, -1.8146719932556152, 642.097788607236, -4314.582339894958, -1.7595629692077637, 604.3938770759851, -4253.471129895188, -1.659206509590149, 591.0021423334256, -4218.420988865197, -1.605482816696167, 570.2076614531688, -4166.182321220636, -1.5411286354064941, 538.748773355037, -4092.135240359232, -1.4850647449493408, 537.3016199744307, -4087.9584020609036, -1.4821630716323853, 496.5698182936758, -3970.2745846863836, -1.4403265714645386, 466.8363823024556, -3855.765028626658, -1.4293274879455566, 449.91581970173866, -3765.988671748899, -1.4257510900497437, 462.3502068235539, -3639.2143846452236, -1.2356630563735962, 464.00886723631993, -3603.2567725973204, -1.2092341184616089, 457.2183782979846, -3570.282650015317, -1.3010679483413696, 442.86929593468085, -3547.0678603267297, -1.4228644371032715, 413.0579363005236, -3534.2477230448276, -1.6210962533950806, 383.31336836051196, -3511.379317854531, -1.8255161046981812, 326.18420568527654, -3387.4498777501285, -2.258223056793213, 326.35118492133915, -3363.9265469070524, -2.2751822471618652, 340.0991420345381, -3346.871125289239, -2.218733787536621, 361.2943730815314, -3339.2096483875066, -2.119016647338867, 487.04086988186464, -3307.9669148484245, -1.5402709245681763, 530.4443393419497, -3296.782640392892, -1.3510562181472778, 562.4598248940893, -3281.0168287446722, -1.2300710678100586, 582.1522428155877, -3265.0199836995453, -1.171789526939392, 608.1119480687194, -3250.3513677744195, -1.0855432748794556, 620.9582173055969, -3252.4688862087205, -1.0224181413650513, 632.4909165520221, -3257.9744314532727, -0.956833004951477, 749.0090275653638, -3331.7791636204347, -0.48146143555641174, 792.2232538913377, -3365.274039127864, -0.3047734498977661, 866.8629724681377, -3409.6449032472447, -0.03321344032883644, 1003.7859461437911, -3488.029606164433, 0.4574425518512726, 1121.1055574906059, -3560.7349504949525, 0.8587404489517212, 1205.5302593088709, -3604.2769854962826, 0.78654545545578, 1215.8941039019264, -3600.696615112014, 0.7576419115066528, 1227.8164213653654, -3596.866001971066, 0.7254260778427124, 1248.1433603842743, -3580.9660499691963, 0.6550789475440979, 1290.1442042607814, -3617.4049962144345, 0.6114055514335632, 1335.1618063370697, -3613.3626492219046, 0.5194299817085266, 1446.7150680613704, -3653.1700514107943, 0.2887275516986847, 1481.480145036243, -3668.0881504034624, 0.23266972601413727]]}, "mtl": {"idx": 0}}, {"geom": {"lines": [[5213.466073880903, -1563.1614017952234, 7.508007049560547, 5244.902698080987, -1600.0718562072143, 7.763509273529053]]}, "mtl": {"idx": 0}}, {"geom": {"lines": [[8097.742948385421, 1058.9665380958468, 0.1934443712234497, 8104.934187490493, 1029.9020667690784, 0.2335841804742813]]}, "mtl": {"idx": 0}}, {"geom": {"lines": [[8113.71729531372, 1062.9150001285598, 0.3083896338939667, 8097.742948385421, 1058.9665380958468, 0.1934443712234497, 8020.565145418048, 1039.8598622018471, -0.021794242784380913]]}, "mtl": {"idx": 0}}, {"geom": {"lines": [[8104.388721985742, 1100.6084673497826, 0.2556994557380676, 8113.71729531372, 1062.9150001285598, 0.3083896338939667, 8120.9085344187915, 1033.850514116697, 0.3438454568386078, 8104.934187490493, 1029.9020667690784, 0.2335841804742813, 8105.9137990097515, 1025.9728821199387, 0.23871596157550812]]}, "mtl": {"idx": 0}}, {"geom": {"lines": [[8055.541729425546, 1102.6115999752656, -0.0039963084273040295, 8061.18562760856, 1079.8067358266562, -0.0030465268064290285]]}, "mtl": {"idx": 0}}, {"geom": {"lines": [[8069.846283992287, 1071.2164072953165, -0.00020341169147286564, 8099.780095066875, 1078.6125640310347, 0.2140663117170334, 8091.620376391336, 1111.5486594801769, 0.1620701551437378]]}, "mtl": {"idx": 0}}, {"geom": {"lines": [[8056.042667133734, 1068.7895448897034, -0.005168359261006117, 8016.40179646248, 1058.9665380958468, -0.02084132842719555]]}, "mtl": {"idx": 0}}, {"geom": {"lines": [[8053.771749521606, 1077.976956536062, -0.00557358656078577, 8061.18562760856, 1079.8067358266562, -0.0030465268064290285, 8067.341595449485, 1081.3476029280573, -0.001003440236672759, 8069.846283992287, 1071.2164072953165, -0.00020341169147286564, 8071.382492965553, 1064.995166292414, 0.006858135107904673, 8057.812647037674, 1061.6245269523934, -0.004774929955601692, 8056.042667133734, 1068.7895448897034, -0.005168359261006117, 8053.771749521606, 1077.976956536062, -0.00557358656078577]]}, "mtl": {"idx": 0}}, {"geom": {"lines": [[8009.444328288082, 1091.2091595828533, -0.01824372075498104, 8055.541729425546, 1102.6115999752656, -0.0039963084273040295, 8091.620376391336, 1111.5486594801769, 0.1620701551437378, 8160.749780174345, 1128.652370814234, 0.7072110176086426]]}, "mtl": {"idx": 0}}, {"geom": {"lines": [[8095.750329500064, 993.0949291614816, 0.16140739619731903, 8104.021367665846, 949.6045629726723, 0.19841480255126953, 8132.830851883162, 955.0745514389127, 0.37221571803092957, 8136.370811690576, 936.4111206289381, 0.3801025152206421]]}, "mtl": {"idx": 0}}, {"geom": {"lines": [[8033.4002827066, 979.708807499148, -0.022166188806295395, 8095.750329500064, 993.0949291614816, 0.16140739619731903, 8119.561568580568, 998.218256611377, 0.3158564567565918]]}, "mtl": {"idx": 0}}, {"geom": {"lines": [[7620.393839914817, 485.5939847873524, -0.8668407201766968, 7626.794710635208, 466.3346359040588, -0.8774660229682922, 7616.308414602652, 440.31533093191683, -0.9299519658088684]]}, "mtl": {"idx": 0}}, {"geom": {"lines": [[7618.089526455384, 266.1557736992836, -0.9752107262611389, 7586.4191313246265, 266.11725603509694, -0.9637691974639893]]}, "mtl": {"idx": 0}}, {"geom": {"lines": [[7586.396867426578, 292.270793389529, -0.9623101949691772, 7586.4191313246265, 266.11725603509694, -0.9637691974639893]]}, "mtl": {"idx": 0}}, {"geom": {"lines": [[7513.538260701578, 315.6318694567308, -0.8204917311668396, 7553.824784419965, 282.42950360290706, -0.9029151797294617]]}, "mtl": {"idx": 0}}, {"geom": {"lines": [[7553.824784419965, 282.42950360290706, -0.9029151797294617, 7553.858180267271, 230.0648060347885, -0.910395622253418, 7545.219787782058, 230.0648060347885, -0.8957173228263855, 7545.253183629364, 187.04089263547212, -0.902864396572113]]}, "mtl": {"idx": 0}}, {"geom": {"lines": [[7632.438608818222, 370.7897078031674, -0.9442747235298157, 7575.276050296146, 301.438033381477, -0.9407837986946106, 7586.396867426578, 292.270793389529, -0.9623101949691772, 7618.089526455384, 266.1557736992836, -0.9752107262611389, 7621.150812452193, 263.6328671257943, -0.9686107039451599, 7678.313370974734, 332.98420610371977, -0.8453707098960876, 7632.438608818222, 370.7897078031674, -0.9442747235298157, 7588.701180885546, 406.8235477404669, -0.9533404111862183]]}, "mtl": {"idx": 0}}, {"geom": {"lines": [[7467.229352531955, 252.4627562109381, -0.7548096776008606, 7479.674871602561, 200.15603541303426, -0.7945420742034912]]}, "mtl": {"idx": 0}}, {"geom": {"lines": [[7616.308414602652, 440.31533093191683, -0.9299519658088684, 7588.701180885546, 406.8235477404669, -0.9533404111862183, 7513.538260701578, 315.6318694567308, -0.8204917311668396, 7484.628588942811, 280.5613932404667, -0.7762141227722168, 7483.05898412317, 271.0090008471161, -0.7765044569969177, 7467.229352531955, 252.4627562109381, -0.7548096776008606]]},