{"type": "block", "layer": 0, "block": 4, "features": [{"geom": {"lines": [[-646.1136227506213, 1386.3489663908258, 0.9310244917869568, -693.6915731155314, 1369.938106940128, 0.8745304942131042, -835.9133545528166, 1374.5608807634562, 1.3763177394866943, -1041.7653569276445, 1384.4613305693492, 2.6238749027252197, -1110.8613648633473, 1392.5126783726737, 3.0010626316070557, -1067.0014854907058, 1491.8646815419197, 2.1777195930480957, -1034.4182705353014, 1575.692712733522, 1.5900607109069824, -1049.6690407744609, 1665.1654889276251, 1.1643807888031006, -1071.7325638495386, 1794.7053922228515, 0.4831230342388153, -1107.0208424306475, 1944.9551070583984, -0.4162648022174835, -1242.5857183192857, 1916.7541711488739, -0.373635470867157, -1375.6459056641906, 1885.6639130199328, -0.32422393560409546, -1383.8167562880553, 1880.5592665979639, -0.3062971234321594, -1385.9763544099405, 1870.3114581853151, -0.2523753345012665, -1380.4771715644747, 1809.3257183814421, 0.09729868918657303, -1375.3119471920654, 1755.8720895396546, 0.41063952445983887, -1377.883427429013, 1733.8936044350266, 0.5275120735168457, -1391.2640302223153, 1724.724684132263, 0.5388230085372925, -1639.5510224876925, 1618.2812412148342, 0.0907813012599945, -1646.630942102056, 1602.7366903563961, 0.10399491339921951, -1644.3711564387195, 1578.8516910457984, 0.17987217009067535, -1634.2076869294979, 1547.8205630620942, 0.3157007098197937, -1617.8659856813028, 1515.0367243243381, 0.49607783555984497, -1472.6385779920965, 1587.8663435000926, 0.9249356389045715, -1458.723641642835, 1590.8904920592904, 0.9729248881340027, -1448.9609223008156, 1581.8950981907547, 1.060165524482727, -1419.3833335968666, 1541.1944412076846, 1.4057239294052124, -1365.7050751363859, 1499.0878795264289, 1.9159435033798218]]}, "mtl": {"idx": 0}}, {"geom": {"lines": [[1281.0271379644983, 1186.8206782136112, -0.9146378040313721, 1226.6698306100443, 1550.1320022400469, -0.8230760097503662, 1190.8583504217677, 1766.0619603125378, -0.5636281967163086, 1146.1969707156532, 2075.501339090988, 0.178658127784729, 1129.042637184728, 2194.3567476747558, 0.6560915112495422]]}, "mtl": {"idx": 0}}, {"geom": {"lines": [[-1617.8659856813028, 1515.0367243243381, 0.49607783555984497, -1662.3047264060006, 1494.253151603043, 0.3155656158924103, -1694.5873787361197, 1494.0220093075186, 0.20628832280635834, -1877.5409618546255, 1557.4900881778449, -0.38351932168006897]]}, "mtl": {"idx": 0}}, {"geom": {"lines": [[7929.216371273622, -1936.9751889994368, 14.6690092086792, 7986.111763017718, -1968.2426554709673, 14.809457778930664]]}, "mtl": {"idx": 0}}, {"geom": {"lines": [[7973.866619030014, -1873.111385203898, 14.757098197937012, 7929.216371273622, -1936.9751889994368, 14.6690092086792]]}, "mtl": {"idx": 0}}, {"geom": {"lines": [[6250.540714008734, -1754.9898907989264, 11.074533462524414, 6238.7742438321, -1751.0813577044755, 11.038675308227539, 6171.759910374414, -1737.3725956454873, 10.704522132873535, 6075.958356597461, -1704.0632842872292, 10.252148628234863, 6110.0221207803115, -1591.2919204086065, 11.311760902404785]]}, "mtl": {"idx": 0}}, {"geom": {"lines": [[8092.110182150733, -1756.0103449290618, 14.921111106872559, 8091.575848595239, -1725.3196473447606, 14.924799919128418]]}, "mtl": {"idx": 0}}, {"geom": {"lines": [[7974.734911059029, -1516.7390857124701, 14.667641639709473, 7994.928266688716, -1517.1819378109649, 14.737870216369629, 8045.945989319123, -1517.8750975681469, 14.915058135986328]]}, "mtl": {"idx": 0}}, {"geom": {"lines": [[8092.421876724809, -1774.4940193397924, 14.918885231018066, 8092.110182150733, -1756.0103449290618, 14.921111106872559]]}, "mtl": {"idx": 0}}, {"geom": {"lines": [[8091.475661053322, -1719.2739122845232, 14.925498008728027, 8099.268025408965, -1703.8322365460917, 14.89911937713623, 8193.232807587367, -1703.3508870610967, 14.570655822753906]]}, "mtl": {"idx": 0}}, {"geom": {"lines": [[8091.575848595239, -1725.3196473447606, 14.924799919128418, 8091.475661053322, -1719.2739122845232, 14.925498008728027, 8053.938728757668, -1684.5589800179005, 14.950179100036621, 8046.625038212631, -1674.6431502019987, 14.927440643310547, 8045.945989319123, -1517.8750975681469, 14.915058135986328, 8045.44505161047, -1400.691716728732, 14.905454635620117]]}, "mtl": {"idx": 0}}, {"geom": {"lines": [[8007.340389912017, -1264.6944077443331, 14.738165855407715, 7994.6388360126875, -1372.4257286414504, 14.707385063171387, 7996.52013540687, -1449.8681308841333, 14.730029106140137, 7994.928266688716, -1517.1819378109649, 14.737870216369629, 7993.6926203412, -1568.8606799999252, 14.74423599243164, 7989.907757653855, -1774.898349228315, 14.776201248168945]]}, "mtl": {"idx": 0}}, {"geom": {"lines": [[7955.8217295729555, 1207.8730895398185, -0.001630040816962719, 7930.886163634714, 1221.1440348783508, -0.006959317717701197, 7911.260537408292, 1257.2203180268407, -0.0233632680028677, 7907.542466416024, 1282.6837638830766, -0.035050731152296066, 7920.789485820103, 1294.5487563973293, -0.036969419568777084]]}, "mtl": {"idx": 0}}, {"geom": {"lines": [[-622.7476616329513, 902.397180756554, 1.0649691820144653, -654.907862523105, 894.7893265802413, 1.0439271926879883, -730.2600258407183, 888.8186107687652, 1.005693793296814, -803.0852367179468, 867.7863191403449, 1.305166482925415, -889.4246337772347, 852.4166033593938, 1.714839220046997, -1013.7351091462187, 831.3844096902758, 2.2577872276306152, -1118.5980694731697, 811.6041839541867, 2.663860559463501, -1142.3313849102706, 808.6381174186245, 2.756072521209717, -1291.5662942677736, 789.9365160390735, 2.491007089614868, -1319.5074864574708, 789.3009320180863, 2.3403818607330322]]}, "mtl": {"idx": 0}}, {"geom": {"lines": [[6480.849608511198, 1110.431526481174, -1.2321187257766724, 6494.864732401911, 1110.9708320461214, -1.1452068090438843, 6503.358409549575, 1113.108793757856, -1.093369483947754]]}, "mtl": {"idx": 0}}, {"geom": {"lines": [[6608.421744959895, 3927.8284751120955, 0.5782358646392822, 6607.019119376317, 3943.8400810211897, 0.6108129024505615, 6598.870532650035, 3996.9425852755085, 0.7068237662315369, 6583.385991480667, 4078.6394503163174, 0.8399326205253601, 6550.90296406718, 4254.926468410529, 1.1076165437698364, 6536.565013653133, 4324.660074459389, 1.1989483833312988, 6707.117605497595, 4352.850432260893, 1.7367229461669922]]}, "mtl": {"idx": 0}}, {"geom": {"lines": [[4118.427374895662, -2632.357978847809, 3.766523838043213, 4089.6290226276033, -2638.922803055495, 3.7427875995635986, 4070.2705631786957, -2642.022322247736, 3.729609251022339, 4047.8174218861386, -2654.170115432702, 3.75191330909729, 4018.362284622155, -2671.4580674804747, 3.814312219619751, 3994.0612397817895, -2678.67741253227, 3.8513457775115967, 3933.1026866240427, -2679.0816956600174, 3.8607563972473145, 3913.53272014251, -2682.3737146202475, 3.889915943145752, 3872.544883632101, -2687.744900472462, 3.6762325763702393, 3833.2157075344585, -2684.0293493624777, 3.2023444175720215, 3800.465513343457, -2670.225965260528, 2.7310101985931396, 3751.8522917134687, -2661.177708621137, 2.1314685344696045, 3721.784897250589, -2649.2224428327754, 1.7259594202041626, 3674.0065718023106, -2617.5149102369323, 1.0284556150436401, 3650.729666276835, -2594.4320536451414, 0.6619232892990112, 3624.1577038252726, -2560.664349159226, 0.2235216647386551, 3596.5616020574234, -2522.757328105159, -0.21959500014781952, 3574.1195927136578, -2485.4854410346597, -0.5875886082649231, 3571.4367929850705, -2470.237799651921, -0.677188515663147, 3580.086317420006, -2456.2415167987347, -0.6674203872680664, 3599.4447768689133, -2429.885312289931, -0.6337865591049194, 3621.486036045477, -2404.125838821754, -0.5907776951789856, 3644.7629415709525, -2393.633353324607, -0.4725054204463959, 3672.1475363057107, -2386.4137450354174, -0.3124590516090393, 3707.7809053091332, -2373.6494612637907, -0.1330452263355255, 3730.6459287181497, -2344.4051186637953, -0.16131235659122467]]},